[
  [
    "1",
    {
      "x": 1
    },
    "2",
    "3",
    "4",
    "5",
    {
      "x": 0.5
    },
    "6",
    "7",
    "8",
    "9",
    {
      "x": 0.5
    },
    "10",
    "11",
    "12",
    "13",
    {
      "x": 0.26
    },
    "14",
    "15",
    "16"
  ],
  [
    {
      "y": 0.47
    },
    "17",
    "18",
    "19",
    "20",
    "21",
    "22",
    "23",
    "24",
    "25",
    "26",
    "27",
    "28",
    "29",
    {
      "w": 2
    },
    "30",
    {
      "x": 0.26
    },
    "31",
    "32",
    "33"
  ],
  [
    {
      "w": 1.5
    },
    "34",
    "35",
    "36",
    "37",
    "38",
    "39",
    "40",
    "41",
    "42",
    "43",
    "44",
    "45",
    "46",
    {
      "w": 1.5
    },
    "47",
    {
      "x": 0.26
    },
    "48",
    "49",
    "50"
  ],
  [
    {
      "w": 1.75
    },
    "51",
    "52",
    "53",
    "54",
    "55",
    "56",
    "57",
    "58",
    "59",
    "60",
    "61",
    "62",
    {
      "w": 2.25
    },
    "63"
  ],
  [
    {
      "w": 2.25
    },
    "64",
    "65",
    "66",
    "67",
    "68",
    "69",
    "70",
    "71",
    "72",
    "73",
    "74",
    {
      "w": 2.75
    },
    "75",
    {
      "x": 1.26
    },
    "76"
  ],
  [
    {
      "w": 1.25
    },
    "77",
    {
      "w": 1.25
    },
    "78",
    {
      "w": 1.25
    },
    "79",
    {
      "w": 6.25
    },
    "80",
    {
      "w": 1.25
    },
    "81",
    {
      "w": 1.25
    },
    "82",
    {
      "w": 1.25
    },
    "83",
    {
      "w": 1.25
    },
    "84",
    {
      "x": 0.26
    },
    "85",
    "86",
    "87"
  ]
]